--tabela ucesnik
insert into Konferencija.ucesnik (ucesnik_id, ime, srednje_s, prezime, email, lozinka, institucija, telefon, adresa)
values (next value for Konferencija.ucesnik_seq, 'Jovan', 'N.', 'Polic', 'polic@gmail.com', 'jovica88', 'ETF Beograd', '0640559978', 'Jove Ilica 33, 11000 Beograd')
insert into Konferencija.ucesnik (ucesnik_id, ime, srednje_s, prezime, email, lozinka, institucija, telefon, adresa)
values (next value for Konferencija.ucesnik_seq, 'David', 'R.', 'Tomic', 'dtomic@gmail.com', 'poglavica', 'FTN Novi Sad', '0624789965', 'Bulevar Despota Stefana 2, 21000 Novi Sad')
insert into Konferencija.ucesnik (ucesnik_id, ime, srednje_s, prezime, email, lozinka, institucija, telefon, adresa)
values (next value for Konferencija.ucesnik_seq, 'Ivana', 'P.', 'Lazarevic', 'ivanicalaza98@gmail.com', '1254789iva', 'ETF Beograd', '0630554469', 'Cara Dusana 2, 11000 Beograd')
insert into Konferencija.ucesnik (ucesnik_id, ime, srednje_s, prezime, email, lozinka, institucija, telefon, adresa)
values (next value for Konferencija.ucesnik_seq, 'Elena', 'C.', 'Kuzmanovic', 'elenaa@gmail.com', 'beliandjeo', 'FON Beograd', '0664512233', 'Maksima Gorkog 34, 11000 Beograd')
insert into Konferencija.ucesnik (ucesnik_id, ime, srednje_s, prezime, email, lozinka, institucija, telefon, adresa)
values (next value for Konferencija.ucesnik_seq, 'Jakov', 'M.', 'Matic', 'jakov.matic@gmail.com', 'jmatic0030', 'FTN Novi Sad', null, 'Sime Milosevica 5, 21000 Novi Sad')
insert into Konferencija.ucesnik (ucesnik_id, ime, srednje_s, prezime, email, lozinka, institucija, telefon, adresa)
values (next value for Konferencija.ucesnik_seq, 'Stefan', 'M.', 'Ilic', 'ilic@gmail.com', 'steffann', null, null, 'Njegoseva 22, 21000 Novi Sad')
insert into Konferencija.ucesnik (ucesnik_id, ime, srednje_s, prezime, email, lozinka, institucija, telefon, adresa)
values (next value for Konferencija.ucesnik_seq, 'Ana', 'O.', 'Radovic', 'anar@gmail.com', '153kkl9', null, null, 'Mose Pijade 91, 11000 Beograd')
insert into Konferencija.ucesnik (ucesnik_id, ime, srednje_s, prezime, email, lozinka, institucija, telefon, adresa)
values (next value for Konferencija.ucesnik_seq, 'Jelena', 'N.', 'Radic', 'radajela@yahoo.com', '36984s5', null, null, 'Ustanicka 12, 11000 Beograd')
insert into Konferencija.ucesnik (ucesnik_id, ime, srednje_s, prezime, email, lozinka, institucija, telefon, adresa)
values (next value for Konferencija.ucesnik_seq, 'Nadja', 'C.', 'Lukic', 'lukicn@gmail.com', 'nadjica', null, null, 'Narodnog fronta 11, 21000 Novi Sad')
insert into Konferencija.ucesnik (ucesnik_id, ime, srednje_s, prezime, email, lozinka, institucija, telefon, adresa)
values (next value for Konferencija.ucesnik_seq, 'Vukan', 'R.', 'Lazic', 'vuklazic@gmail.com', 'vukanl001', null, null, 'Balkanska 3, 11000 Beograd')

--select * from Konferencija.ucesnik

--tabela konferencija
insert into Konferencija.konferencija(id_konf, naz_konf, datum, max_br_autora, rok_pred_abs, prod_rok_abs, rok_pred_rada, prod_rok_rad, rok_dor_rada)
values (next value for Konferencija.konferencija_seq, 'OPEN IT', CAST('16-JAN-2020'AS DATE), 3, CAST('20-DEC-2019'AS DATE), CAST('25-DEC-2019'AS DATE), CAST('03-JAN-2020'AS DATE), CAST('06-JAN-2020'AS DATE), CAST('11-JAN-2020'AS DATE))
insert into Konferencija.konferencija(id_konf, naz_konf, datum, max_br_autora, rok_pred_abs, prod_rok_abs, rok_pred_rada, prod_rok_rad, rok_dor_rada)
values (next value for Konferencija.konferencija_seq, 'WATFOI', CAST('20-OCT-2020'AS DATE), 7, CAST('01-OCT-2020'AS DATE), CAST('05-OCT-2020'AS DATE), CAST('10-OCT-2020'AS DATE), CAST('13-OCT-2020'AS DATE), CAST('16-OCT-2020'AS DATE))
insert into Konferencija.konferencija(id_konf, naz_konf, datum, max_br_autora, rok_pred_abs, prod_rok_abs, rok_pred_rada, prod_rok_rad, rok_dor_rada)
values (next value for Konferencija.konferencija_seq, 'eSecurity', CAST('29-JUN-2019'AS DATE), 4, CAST('10-JUN-2019'AS DATE), CAST('15-JUN-2019'AS DATE), CAST('17-JUN-2019'AS DATE), CAST('20-JUN-2019'AS DATE), CAST('22-JUN-2019'AS DATE))
insert into Konferencija.konferencija(id_konf, naz_konf, datum, max_br_autora, rok_pred_abs, prod_rok_abs, rok_pred_rada, prod_rok_rad, rok_dor_rada)
values (next value for Konferencija.konferencija_seq, 'Tech Flow', CAST('18-APR-2018'AS DATE), 3, CAST('01-APR-2018'AS DATE), CAST('05-APR-2018'AS DATE), CAST('08-APR-2018'AS DATE), CAST('10-APR-2018'AS DATE), CAST('13-APR-2018'AS DATE))
insert into Konferencija.konferencija(id_konf, naz_konf, datum, max_br_autora, rok_pred_abs, prod_rok_abs, rok_pred_rada, prod_rok_rad, rok_dor_rada)
values (next value for Konferencija.konferencija_seq, 'SmileCode', CAST('31-JAN-2020'AS DATE), 4, CAST('10-JAN-2020'AS DATE), CAST('14-JAN-2020'AS DATE), CAST('15-JAN-2020'AS DATE), CAST('17-JAN-2020'AS DATE), CAST('22-JAN-2020'AS DATE))
insert into Konferencija.konferencija(id_konf, naz_konf, datum, max_br_autora, rok_pred_abs, prod_rok_abs, rok_pred_rada, prod_rok_rad, rok_dor_rada)
values (next value for Konferencija.konferencija_seq, 'IT', CAST('21-DEC-2020'AS DATE), 3, CAST('10-DEC-2020'AS DATE), null, CAST('15-DEC-2020'AS DATE), null, CAST('17-DEC-2020'AS DATE))
insert into Konferencija.konferencija(id_konf, naz_konf, datum, max_br_autora, rok_pred_abs, prod_rok_abs, rok_pred_rada, prod_rok_rad, rok_dor_rada)
values (next value for Konferencija.konferencija_seq, 'ACM', CAST('21-MAY-2020'AS DATE), 3, CAST('11-MAY-2020'AS DATE), null, CAST('16-MAY-2020'AS DATE), null, CAST('17-MAY-2020'AS DATE))
insert into Konferencija.konferencija(id_konf, naz_konf, datum, max_br_autora, rok_pred_abs, prod_rok_abs, rok_pred_rada, prod_rok_rad, rok_dor_rada)
values (next value for Konferencija.konferencija_seq, 'BIO Digital', CAST('27-AUG-2020'AS DATE), 3, CAST('14-AUG-2020'AS DATE), null, CAST('17-AUG-2020'AS DATE), null, CAST('21-AUG-2020'AS DATE))
insert into Konferencija.konferencija(id_konf, naz_konf, datum, max_br_autora, rok_pred_abs, prod_rok_abs, rok_pred_rada, prod_rok_rad, rok_dor_rada)
values (next value for Konferencija.konferencija_seq, 'Open Science', CAST('17-NOV-2020'AS DATE), 3, CAST('04-NOV-2020'AS DATE), null, CAST('08-NOV-2020'AS DATE), null, CAST('16-NOV-2020'AS DATE))
insert into Konferencija.konferencija(id_konf, naz_konf, datum, max_br_autora, rok_pred_abs, prod_rok_abs, rok_pred_rada, prod_rok_rad, rok_dor_rada)
values (next value for Konferencija.konferencija_seq, 'Next Generation', CAST('28-AUG-2020'AS DATE), 3, CAST('18-AUG-2020'AS DATE), null, CAST('22-AUG-2020'AS DATE), null, CAST('24-AUG-2020'AS DATE))
insert into Konferencija.konferencija(id_konf, naz_konf, datum, max_br_autora, rok_pred_abs, prod_rok_abs, rok_pred_rada, prod_rok_rad, rok_dor_rada)
values (next value for Konferencija.konferencija_seq, 'ITC', CAST('12-AUG-2020'AS DATE), 3, CAST('02-AUG-2020'AS DATE), null, CAST('06-AUG-2020'AS DATE), null, CAST('10-AUG-2020'AS DATE))

--select * from Konferencija.konferencija

--tabela lokacija
insert into Konferencija.lokacija(id_lokacije, naziv, adresa, telefon, email)
values (next value for Konferencija.lokacija_seq, 'Quantum', 'Patrijarha Pavla 33, 11000 Beograd', null, 'quantum@yahoo.com')
insert into Konferencija.lokacija(id_lokacije, naziv, adresa, telefon, email)
values (next value for Konferencija.lokacija_seq, 'Hilton', 'Ive Andrica 11, 11000 Beograd', '0113649873', 'hilton@coming.rs')
insert into Konferencija.lokacija(id_lokacije, naziv, adresa, telefon, email)
values (next value for Konferencija.lokacija_seq, 'Sheraton', 'Polgar Andrasa 1, 21000 Novi Sad', '0213694587', null)
insert into Konferencija.lokacija(id_lokacije, naziv, adresa, telefon, email)
values (next value for Konferencija.lokacija_seq, 'Palisad', 'Naselje Jezero bb, 31315 Zlatibor', null, 'prodaja@palisad.rs')
insert into Konferencija.lokacija(id_lokacije, naziv, adresa, telefon, email)
values (next value for Konferencija.lokacija_seq, 'Aleksandar', 'Bulevar Cara Lazara 79, 21000 Novi Sad', '0213645876', 'aleksandar@ns.rs')
insert into Konferencija.lokacija(id_lokacije, naziv, adresa, telefon, email)
values (next value for Konferencija.lokacija_seq, 'Vojvodina', 'Trg Slobode 3, 23000 Zrenjanin', null, null)
insert into Konferencija.lokacija(id_lokacije, naziv, adresa, telefon, email)
values (next value for Konferencija.lokacija_seq, 'Slavija Garni', 'Svetog Save 2, 11000 Beograd', null, null)
insert into Konferencija.lokacija(id_lokacije, naziv, adresa, telefon, email)
values (next value for Konferencija.lokacija_seq, 'City Center', 'Karadziceva 2, 23000 Zrenjanin', null, null)
insert into Konferencija.lokacija(id_lokacije, naziv, adresa, telefon, email)
values (next value for Konferencija.lokacija_seq, 'Central Park', 'Gospodar Jevremova, 11000 Beograd', null, null)
insert into Konferencija.lokacija(id_lokacije, naziv, adresa, telefon, email)
values (next value for Konferencija.lokacija_seq, 'Hyatt Regency', 'Milentija Popovica 5, 11000 Beograd', null, null)

--select * from Konferencija.lokacija

--tabela odrzava_se_u
insert into Konferencija.odrzava_se_u(id_konf, id_lokacije)
values(1, 1)
insert into Konferencija.odrzava_se_u(id_konf, id_lokacije)
values(2, 4)
insert into Konferencija.odrzava_se_u(id_konf, id_lokacije)
values(3, 2)
insert into Konferencija.odrzava_se_u(id_konf, id_lokacije)
values(4, 5)
insert into Konferencija.odrzava_se_u(id_konf, id_lokacije)
values(5, 3)
insert into Konferencija.odrzava_se_u(id_konf, id_lokacije)
values(6, 6)
insert into Konferencija.odrzava_se_u(id_konf, id_lokacije)
values(7, 7)
insert into Konferencija.odrzava_se_u(id_konf, id_lokacije)
values(8, 8)
insert into Konferencija.odrzava_se_u(id_konf, id_lokacije)
values(9, 9)
insert into Konferencija.odrzava_se_u(id_konf, id_lokacije)
values(10, 10)

--select * from Konferencija.odrzava_se_u

--tabela zaposleni
insert into Konferencija.zaposleni(zaposleni_id, ime, srednje_s, prezime, email, lozinka, institucija, telefon, adresa)
values(1, 'Stefan', 'T.', 'Todorovic', 'todor@gmail.com', 'stefantt', 'ETF Beograd', null, 'Nikole Tesle 88, 11000 Beograd')
insert into Konferencija.zaposleni(zaposleni_id, ime, srednje_s, prezime, email, lozinka, institucija, telefon, adresa)
values(2, 'Goran', 'M.', 'Kraljevic', 'gorank@yahoo.com', 'mg00012', 'ETF Beograd', null, 'Serdara Janka 19, 11000 Beograd')
insert into Konferencija.zaposleni(zaposleni_id, ime, srednje_s, prezime, email, lozinka, institucija, telefon, adresa)
values(3, 'Nenad', 'L.', 'Jovanovic', 'jovanovic.nenad@gmail.com', 'sonejov', 'FTN Novi Sad', '0640332298', 'Fruskogorska 24, 21000 Novi Sad')
insert into Konferencija.zaposleni(zaposleni_id, ime, srednje_s, prezime, email, lozinka, institucija, telefon, adresa)
values(4, 'Milana', 'B.', 'Bozic', 'boza@gmail.com', '0364566ds', 'FTN Novi Sad', null, 'Narodnog fronta 2, 21000 Novi Sad')
insert into Konferencija.zaposleni(zaposleni_id, ime, srednje_s, prezime, email, lozinka, institucija, telefon, adresa)
values(5, 'Petar', 'R.', 'Lazic', 'petarlazic@gmail.com', 'petar79', 'ETF Sarajevo', '0664597865', 'Dalmatinska 14 ,71000 Sarajevo')
insert into Konferencija.zaposleni(zaposleni_id, ime, srednje_s, prezime, email, lozinka, institucija, telefon, adresa)
values(6, 'Jovana', 'E.', 'Jovic', 'jovicj@gmail.com', 'jovicc', 'ETF Beograd', null, 'Ustanicka 79, 11000 Beograd')
insert into Konferencija.zaposleni(zaposleni_id, ime, srednje_s, prezime, email, lozinka, institucija, telefon, adresa)
values(7, 'Dragan', 'D.', 'Lazarevic', 'drlazarevic@gmail.com', 'drlazo', 'ETF Beograd', null, 'Ive Andrica 5, 11000 Beograd')
insert into Konferencija.zaposleni(zaposleni_id, ime, srednje_s, prezime, email, lozinka, institucija, telefon, adresa)
values(8, 'Vesna', 'S.', 'Jovic', 'vesnaj@yahoo.com', 'vesna77', 'ETF Sarajevo', null, 'Dalmatinska 99 ,71000 Sarajevo')
insert into Konferencija.zaposleni(zaposleni_id, ime, srednje_s, prezime, email, lozinka, institucija, telefon, adresa)
values(9, 'Nevena', 'A.', 'Micic', 'nevenamm@gmail.com', 'neca454', 'FTN Novi Sad', null, 'Balzakova 33, 21000 Novi Sad')
insert into Konferencija.zaposleni(zaposleni_id, ime, srednje_s, prezime, email, lozinka, institucija, telefon, adresa)
values(10, 'Milena', 'L.', 'Spasic', 'spasicmilena@gmail.com', '123365sm', 'FTN Novi Sad', null, 'Jevrejska 56, 21000 Novi Sad')

--select * from Konferencija.zaposleni

--tabela radi_na
insert into Konferencija.radi_na(zaposleni_id, id_konf, uloga)
values(1, 1, 'organizator')
insert into Konferencija.radi_na(zaposleni_id, id_konf, uloga)
values(2, 1, 'operater')
insert into Konferencija.radi_na(zaposleni_id, id_konf, uloga)
values(3, 2, 'organizator')
insert into Konferencija.radi_na(zaposleni_id, id_konf, uloga)
values(4, 1, 'sekretarica')
insert into Konferencija.radi_na(zaposleni_id, id_konf, uloga)
values(5, 3, 'organizator')
insert into Konferencija.radi_na(zaposleni_id, id_konf, uloga)
values(5, 4, 'operater')
insert into Konferencija.radi_na(zaposleni_id, id_konf, uloga)
values(4, 4, 'organizator')
insert into Konferencija.radi_na(zaposleni_id, id_konf, uloga)
values(2, 5, 'organizator')
insert into Konferencija.radi_na(zaposleni_id, id_konf, uloga)
values(6, 6, 'organizator')
insert into Konferencija.radi_na(zaposleni_id, id_konf, uloga)
values(7, 7, 'organizator')
insert into Konferencija.radi_na(zaposleni_id, id_konf, uloga)
values(8, 8, 'organizator')
insert into Konferencija.radi_na(zaposleni_id, id_konf, uloga)
values(9, 9, 'organizator')
insert into Konferencija.radi_na(zaposleni_id, id_konf, uloga)
values(10, 10, 'organizator')

--select * from Konferencija.radi_na

--tabela donator
insert into Konferencija.donator(donator_id, naziv, email, zaposleni_id, id_konf, uloga)
values(1, 'Prozone', 'prozone@office.rs', 1, 1, 'organizator')
insert into Konferencija.donator(donator_id, naziv, email, zaposleni_id, id_konf, uloga)
values(2, 'GlobalVision', 'vision@yahoo.com', 3, 2, 'organizator')
insert into Konferencija.donator(donator_id, naziv, email, zaposleni_id, id_konf, uloga)
values(3, 'Deloitte', 'office@gmail.com', 5, 3, 'organizator')
insert into Konferencija.donator(donator_id, naziv, email, zaposleni_id, id_konf, uloga)
values(4, 'Integer', 'int@office.com', 4, 4, 'organizator')
insert into Konferencija.donator(donator_id, naziv, email, zaposleni_id, id_konf, uloga)
values(5, 'FSD', 'fsd@office.com', 2, 5, 'organizator')
insert into Konferencija.donator(donator_id, naziv, email, zaposleni_id, id_konf, uloga)
values(6, 'MSG Global', 'msg@office.com', 6, 6, 'organizator')
insert into Konferencija.donator(donator_id, naziv, email, zaposleni_id, id_konf, uloga)
values(7, '3D Web', 'web3d@office.com', 7, 7, 'organizator')
insert into Konferencija.donator(donator_id, naziv, email, zaposleni_id, id_konf, uloga)
values(8, 'Simphony', 'simphonyit@office.com', 8, 8, 'organizator')
insert into Konferencija.donator(donator_id, naziv, email, zaposleni_id, id_konf, uloga)
values(9, 'PWC', 'pwc@office.com', 9, 9, 'organizator')
insert into Konferencija.donator(donator_id, naziv, email, zaposleni_id, id_konf, uloga)
values(10, 'Quantox', 'quantox@office.com', 10, 10, 'organizator')

--select * from Konferencija.donator

--tabela donacija
insert into Konferencija.donacija(donacija_id, vrednost, datum, donator_id, zaposleni_id, id_konf, uloga, id_konferencije)
values(1, 150000, CAST('10-JAN-2020'AS DATE), 1, 1, 1, 'organizator', 1)
insert into Konferencija.donacija(donacija_id, vrednost, datum, donator_id, zaposleni_id, id_konf, uloga, id_konferencije)
values(2, 300000, CAST('17-APR-2018'AS DATE), 2, 5, 4, 'operater', 4)
insert into Konferencija.donacija(donacija_id, vrednost, datum, donator_id, zaposleni_id, id_konf, uloga, id_konferencije)
values(3, 180000, CAST('25-JAN-2020'AS DATE), 3, 2, 5, 'organizator', 5)
insert into Konferencija.donacija(donacija_id, vrednost, datum, donator_id, zaposleni_id, id_konf, uloga, id_konferencije)
values(4, null, null, 4, 2, 5, 'organizator', 5)
insert into Konferencija.donacija(donacija_id, vrednost, datum, donator_id, zaposleni_id, id_konf, uloga, id_konferencije)
values(5, null, null, 5, 6, 6, 'organizator', 6)
insert into Konferencija.donacija(donacija_id, vrednost, datum, donator_id, zaposleni_id, id_konf, uloga, id_konferencije)
values(6, 120000, null, 6, 7, 7, 'organizator', 7)
insert into Konferencija.donacija(donacija_id, vrednost, datum, donator_id, zaposleni_id, id_konf, uloga, id_konferencije)
values(7, 80000, null, 7, 8, 8, 'organizator', 8)
insert into Konferencija.donacija(donacija_id, vrednost, datum, donator_id, zaposleni_id, id_konf, uloga, id_konferencije)
values(8, 50000, null, 8, 9, 9, 'organizator', 9)
insert into Konferencija.donacija(donacija_id, vrednost, datum, donator_id, zaposleni_id, id_konf, uloga, id_konferencije)
values(9, null, null, 9, 10, 10, 'organizator', 10)
insert into Konferencija.donacija(donacija_id, vrednost, datum, donator_id, zaposleni_id, id_konf, uloga, id_konferencije)
values(10, 200000, null, 10, 1, 1, 'organizator', 1)

--select * from Konferencija.donacija

--tabela kotizacija
insert into Konferencija.kotizacija(kotizacija_id, br_mod, poz_na_br, suma, valuta, vrsta, id_konf)
values(1, 97, '36451468744123', 3000, 'RSD', 'redovna', 1)
insert into Konferencija.kotizacija(kotizacija_id, br_mod, poz_na_br, suma, valuta, vrsta, id_konf)
values(2, 97, '36451468744123', 1500, 'RSD', 'povlascena', 1)
insert into Konferencija.kotizacija(kotizacija_id, br_mod, poz_na_br, suma, valuta, vrsta, id_konf)
values(3, 97, '13645978956498', 3500, 'RSD', 'redovna', 2)
insert into Konferencija.kotizacija(kotizacija_id, br_mod, poz_na_br, suma, valuta, vrsta, id_konf)
values(4, 97, '13645978956498', 2000, 'RSD', 'povlascena', 2)
insert into Konferencija.kotizacija(kotizacija_id, br_mod, poz_na_br, suma, valuta, vrsta, id_konf)
values(5, 97, '32165478956486', 4000, 'RSD', 'redovna', 3)
insert into Konferencija.kotizacija(kotizacija_id, br_mod, poz_na_br, suma, valuta, vrsta, id_konf)
values(6, 97, '32165478956486', 2000, 'RSD', 'povlascena', 3)
insert into Konferencija.kotizacija(kotizacija_id, br_mod, poz_na_br, suma, valuta, vrsta, id_konf)
values(7, 97, '65498123456985', 4500, 'RSD', 'redovna', 4)
insert into Konferencija.kotizacija(kotizacija_id, br_mod, poz_na_br, suma, valuta, vrsta, id_konf)
values(8, 97, '65498123456985', 1000, 'RSD', 'povlascena', 4)
insert into Konferencija.kotizacija(kotizacija_id, br_mod, poz_na_br, suma, valuta, vrsta, id_konf)
values(9, 97, '32145698745611', 5000, 'RSD', 'redovna', 5)
insert into Konferencija.kotizacija(kotizacija_id, br_mod, poz_na_br, suma, valuta, vrsta, id_konf)
values(10, 97, '32145698745611', 2000, 'RSD', 'povlascena', 5)
insert into Konferencija.kotizacija(kotizacija_id, br_mod, poz_na_br, suma, valuta, vrsta, id_konf)
values(11, 97, '36451468744123', 3400, 'RSD', 'redovna', 6)
insert into Konferencija.kotizacija(kotizacija_id, br_mod, poz_na_br, suma, valuta, vrsta, id_konf)
values(12, 97, '32145698745615', 1250, 'RSD', 'povlascena', 6)
insert into Konferencija.kotizacija(kotizacija_id, br_mod, poz_na_br, suma, valuta, vrsta, id_konf)
values(13, 97, '45451468744123', 3000, 'RSD', 'redovna', 7)
insert into Konferencija.kotizacija(kotizacija_id, br_mod, poz_na_br, suma, valuta, vrsta, id_konf)
values(14, 97, '12369874562145', 1700, 'RSD', 'povlascena', 7)
insert into Konferencija.kotizacija(kotizacija_id, br_mod, poz_na_br, suma, valuta, vrsta, id_konf)
values(15, 97, '33366987546999', 4500, 'RSD', 'redovna', 8)
insert into Konferencija.kotizacija(kotizacija_id, br_mod, poz_na_br, suma, valuta, vrsta, id_konf)
values(16, 97, '00331469974565', 2200, 'RSD', 'povlascena', 8)
insert into Konferencija.kotizacija(kotizacija_id, br_mod, poz_na_br, suma, valuta, vrsta, id_konf)
values(17, 97, '11112225566487', 3500, 'RSD', 'redovna', 9)
insert into Konferencija.kotizacija(kotizacija_id, br_mod, poz_na_br, suma, valuta, vrsta, id_konf)
values(18, 97, '99889988778212', 2000, 'RSD', 'povlascena', 9)
insert into Konferencija.kotizacija(kotizacija_id, br_mod, poz_na_br, suma, valuta, vrsta, id_konf)
values(19, 97, '12365498778945', 3000, 'RSD', 'redovna', 10)
insert into Konferencija.kotizacija(kotizacija_id, br_mod, poz_na_br, suma, valuta, vrsta, id_konf)
values(20, 97, '12364944546565', 1000, 'RSD', 'povlascena', 10)
insert into Konferencija.kotizacija(kotizacija_id, br_mod, poz_na_br, suma, valuta, vrsta, id_konf)
values(21, null, null, null, null, 'oslobodjena', null)

--select * from Konferencija.kotizacija

--tabela ucestvuje_na
insert into Konferencija.ucestvuje_na(student, uloga_u, odgovor, datum, ucesnik_id, id_konf, kotizacija_id, uloga, zaposleni_id, id_konferencije)
values(0, 'R', null, CAST('16-JAN-2020'AS DATE), 1, 1, 1, 'organizator', 1, 1)
insert into Konferencija.ucestvuje_na(student, uloga_u, odgovor, datum, ucesnik_id, id_konf, kotizacija_id, uloga, zaposleni_id, id_konferencije)
values(1, 'S', null, CAST('20-OCT-2020'AS DATE), 2, 2, 4, 'organizator', 3, 2)
insert into Konferencija.ucestvuje_na(student, uloga_u, odgovor, datum, ucesnik_id, id_konf, kotizacija_id, uloga, zaposleni_id, id_konferencije)
values(1, 'R', null, CAST('27-JUN-2019'AS DATE), 3, 3, 6, 'organizator', 5, 3)
insert into Konferencija.ucestvuje_na(student, uloga_u, odgovor, datum, ucesnik_id, id_konf, kotizacija_id, uloga, zaposleni_id, id_konferencije)
values(0, 'P', 1, null, 4, 4, 21, 'organizator', 4, 4)
insert into Konferencija.ucestvuje_na(student, uloga_u, odgovor, datum, ucesnik_id, id_konf, kotizacija_id, uloga, zaposleni_id, id_konferencije)
values(0, 'R', null, CAST('30-JAN-2020'AS DATE), 5, 5, 9, 'organizator', 2, 5)
insert into Konferencija.ucestvuje_na(student, uloga_u, odgovor, datum, ucesnik_id, id_konf, kotizacija_id, uloga, zaposleni_id, id_konferencije)
values(0, 'R', null, CAST('16-JAN-2020'AS DATE), 5, 1, 1, 'organizator', 1, 1)
insert into Konferencija.ucestvuje_na(student, uloga_u, odgovor, datum, ucesnik_id, id_konf, kotizacija_id, uloga, zaposleni_id, id_konferencije)
values(0, 'R', null, CAST('16-JAN-2020'AS DATE), 6, 1, 1, 'organizator', 1, 1)
insert into Konferencija.ucestvuje_na(student, uloga_u, odgovor, datum, ucesnik_id, id_konf, kotizacija_id, uloga, zaposleni_id, id_konferencije)
values(0, 'R', null, CAST('21-DEC-2020'AS DATE), 7, 6, 11, 'organizator', 6, 6)
insert into Konferencija.ucestvuje_na(student, uloga_u, odgovor, datum, ucesnik_id, id_konf, kotizacija_id, uloga, zaposleni_id, id_konferencije)
values(1, 'R', null, CAST('21-MAY-2020'AS DATE), 8, 7, 14, 'organizator', 7, 7)
insert into Konferencija.ucestvuje_na(student, uloga_u, odgovor, datum, ucesnik_id, id_konf, kotizacija_id, uloga, zaposleni_id, id_konferencije)
values(0, 'R', null, CAST('27-AUG-2020'AS DATE), 9, 8, 15, 'organizator', 8, 8)
insert into Konferencija.ucestvuje_na(student, uloga_u, odgovor, datum, ucesnik_id, id_konf, kotizacija_id, uloga, zaposleni_id, id_konferencije)
values(0, 'P', 1, null, 10, 9, 21, 'organizator', 9, 9)
insert into Konferencija.ucestvuje_na(student, uloga_u, odgovor, datum, ucesnik_id, id_konf, kotizacija_id, uloga, zaposleni_id, id_konferencije)
values(0, 'P', 1, null, 10, 1, 21, 'organizator', 1, 1)

--select * from Konferencija.ucestvuje_na
